Name,Platform,Year_of_Release,Genre,Publisher,NA_Sales,EU_Sales,JP_Sales,Other_Sales,Global_Sales,Critic_Score,User_Score,Rating
Grand Theft Auto V,PS3,2013,Action,Take-Two Interactive,7.02,9.09,0.98,3.96,21.04,97,8.2,M
Grand Theft Auto: San Andreas,PS2,2004,Action,Take-Two Interactive,9.43,0.4,0.41,10.57,20.81,95,9.0,M
Grand Theft Auto: Vice City,PS2,2002,Action,Take-Two Interactive,8.41,5.49,0.47,1.78,16.15,95,8.7,M
Gran Turismo 3: A-Spec,PS2,2001,Racing,Sony Computer Entertainment,6.85,5.09,1.87,1.16,14.98,95,8.4,E
Call of Duty: Black Ops 3,PS4,2015,Shooter,Activision,6.03,5.86,0.36,2.38,14.63,88,6.8,M
Call of Duty: Black Ops II,PS3,2012,Shooter,Activision,4.99,5.73,0.65,2.42,13.79,83,5.3,M
Call of Duty: Modern Warfare 3,PS3,2011,Shooter,Activision,5.54,5.73,0.49,1.57,13.32,88,3.2,M
Grand Theft Auto III,PS2,2001,Action,Take-Two Interactive,6.99,4.51,0.3,1.3,13.1,97,8.5,M
Call of Duty: Black Ops,PS3,2010,Shooter,Activision,5.99,4.37,0.48,1.79,12.63,88,6.4,M
Grand Theft Auto V,PS4,2014,Action,Take-Two Interactive,3.96,6.31,0.38,1.97,12.61,97,8.3,M
Gran Turismo 4,PS2,2004,Racing,Sony Computer Entertainment,3.01,0.01,1.1,7.53,11.66,89,8.5,E
Gran Turismo,PS,1997,Racing,Sony Computer Entertainment,4.02,3.87,2.54,0.52,10.95,96,8.7,E
Gran Turismo 5,PS3,2010,Racing,Sony Computer Entertainment,2.96,4.82,0.81,2.11,10.7,84,7.5,E
Call of Duty: Modern Warfare 2,PS3,2009,Shooter,Activision,4.99,3.64,0.38,1.6,10.6,94,6.3,M
Grand Theft Auto IV,PS3,2008,Action,Take-Two Interactive,4.76,3.69,0.44,1.61,10.5,98,7.5,M
Final Fantasy VII,PS,1997,Role-Playing,Sony Computer Entertainment,3.01,2.47,3.28,0.96,9.72,92,9.2,T
Gran Turismo 2,PS,1999,Racing,Sony Computer Entertainment,3.88,3.42,1.69,0.5,9.49,93,9.0,T
Call of Duty: Ghosts,PS3,2013,Shooter,Activision,4.1,3.63,0.38,1.25,9.36,71,2.6,M
FIFA 16,PS4,2015,Sports,Electronic Arts,1.12,6.12,0.06,1.28,8.57,82,4.3,E
FIFA Soccer 13,PS3,2012,Action,Electronic Arts,1.06,5.01,0.13,1.97,8.16,88,6.6,E
Final Fantasy X,PS2,2001,Role-Playing,Sony Computer Entertainment,2.91,2.07,2.73,0.33,8.05,92,8.7,T
Final Fantasy VIII,PS,1999,Role-Playing,SquareSoft,2.28,1.72,3.63,0.23,7.86,90,8.6,T
Grand Theft Auto: Liberty City Stories,PSP,2005,Action,Take-Two Interactive,2.9,2.81,0.24,1.73,7.69,88,7.6,M
Call of Duty: Advanced Warfare,PS4,2014,Shooter,Activision,2.81,3.48,0.14,1.23,7.66,83,5.7,M
FIFA 17,PS4,2016,Sports,Electronic Arts,0.66,5.75,0.08,1.11,7.59,85,5.0,E
Crash Bandicoot 2: Cortex Strikes Back,PS,1997,Platform,Sony Computer Entertainment,3.78,2.17,1.31,0.31,7.58,,,
Star Wars Battlefront (2015),PS4,2015,Shooter,Electronic Arts,2.99,3.49,0.22,1.28,7.98,,,
Crash Bandicoot 3: Warped,PS,1998,Platform,Sony Computer Entertainment,3.68,1.75,1.42,0.28,7.13,91,8.9,E
Need for Speed Underground,PS2,2003,Racing,Electronic Arts,3.27,2.83,0.08,1.02,7.2,85,8.6,E
Battlefield 3,PS3,2011,Shooter,Electronic Arts,2.85,2.89,0.35,1.08,7.17,85,7.5,M
Fallout 4,PS4,2015,Role-Playing,Bethesda Softworks,2.53,3.27,0.24,1.13,7.16,87,6.5,M
Tekken 3,PS,1998,Fighting,Sony Computer Entertainment,3.27,2.22,1.4,0.29,7.16,96,9.1,T
Uncharted 3: Drake's Deception,PS3,2011,Action,Sony Computer Entertainment,2.77,2.75,0.19,1.03,6.74,92,8.3,T
Call of Duty 4: Modern Warfare,PS3,2007,Shooter,Activision,3.11,2.26,0.28,1.03,6.68,94,8.4,M
Uncharted 2: Among Thieves,PS3,2009,Action,Sony Computer Entertainment,3.27,2.2,0.21,0.98,6.66,96,8.8,T
FIFA 12,PS3,2011,Sports,Electronic Arts,0.84,4.3,0.11,1.39,6.65,,,
Red Dead Redemption,PS3,2010,Action,Take-Two Interactive,2.79,2.53,0.17,0.99,6.49,95,8.8,M
FIFA 14,PS3,2013,Sports,Electronic Arts,0.78,4.24,0.07,1.37,6.47,86,4.3,E
Assassin's Creed III,PS3,2012,Action,Ubisoft,2.64,2.52,0.16,1.12,6.45,85,6.9,M
The Elder Scrolls V: Skyrim,PS3,2011,Role-Playing,Bethesda Softworks,2.55,2.6,0.25,1.0,6.41,92,6.4,M
Kingdom Hearts,PS2,2002,Role-Playing,Sony Computer Entertainment,3.64,1.2,1.49,0.07,6.4,85,8.8,E
Driver,PS,1999,Action,GT Interactive,3.11,2.8,0.02,0.33,6.27,87,8.1,T
PS5 Demo Game,ps5,2020,action,,0.1,0.2,0.05,0.05,0.4,80,tbd,E
Grand Theft Auto V, ps3 ,2013,Action,Take-Two Interactive,7.02,9.09,0.98,3.96,21.04,97,8.2,M
  Final Fantasy VII ,PS,1997,role-playing,Sony Computer Entertainment,3.01,2.47,3.28,0.96,9.72,92,9.2,T
Missing Publisher Game,PS4,2018,Action,,0.5,0.7,0.1,0.2,1.5,75,7.0,T
Unknown Genre Game,PS4,2019,,Publisher X,0.3,0.4,0.1,0.1,0.9,70,6.5,T
